{"29": {"living_room-s": 2.5696231645280387e-05, "purple-c": 1.965527523617491e-05, "blue-c": 1.6884881326202203e-05, "white-c": 1.4172648321229642e-05, "black-c": 7.919002558394297e-06, "grey-c": 6.618651946413165e-06, "green-c": 8.013020981027036e-07, "brown-c": 6.84973046242133e-08, "pink-c": 0.0, "yellow-c": 0.0, "red-c": 0.0, "glass": 0.0}}
{"341": {"living_room-s": 1.8790662994720576e-07, "grey-c": 1.3934265243058524e-07, "brown-c": 2.7399328360263906e-08, "black-c": 0.0, "white-c": 0.0, "green-c": 0.0, "pink-c": 0.0, "purple-c": 0.0, "blue-c": 0.0, "yellow-c": 0.0, "red-c": 0.0, "glass": 0.0}}
{"443": {"living_room-s": 9.395331497360288e-08, "brown-c": 5.479866122486735e-08, "black-c": 0.0, "grey-c": 0.0, "white-c": 0.0, "green-c": 0.0, "pink-c": 0.0, "purple-c": 0.0, "blue-c": 0.0, "yellow-c": 0.0, "red-c": 0.0, "glass": 0.0}}
{"30": {"living_room-s": 1.3764160643632822e-05, "brown-c": 7.000521778616404e-06, "black-c": 1.4339878360590624e-06, "grey-c": 1.3934078201158808e-07, "blue-c": 1.223597668361227e-07, "green-c": 8.903753012028346e-08, "white-c": 0.0, "pink-c": 0.0, "purple-c": 0.0, "yellow-c": 0.0, "red-c": 0.0, "glass": 0.0}}
